Name,Email,Number,Address,DOB,Sex,Insurance
John Doe,john.doe@example.com,1234567890,123 Main St,1990-01-01,Male,True
Jane Smith,jane.smith@example.com,0987654321,456 Elm St,1985-05-15,Female,False
Alice Johnson,alice.johnson@example.com,1112223333,789 Pine St,1978-10-20,Female,True
Bob Brown,bob.brown@example.com,4445556666,321 Oak St,1983-06-30,Male,False
Charlie Green,charlie.green@example.com,7778889999,654 Cedar Rd,1995-03-12,Male,True
Daisy White,daisy.white@example.com,1212121212,987 Birch Ln,1980-12-01,Female,False
Evan Black,evan.black@example.com,1313131313,246 Maple Ave,1998-09-14,Male,True
Fiona Gray,fiona.gray@example.com,1414141414,369 Walnut Way,1992-05-22,Female,True
George Blue,george.blue@example.com,1515151515,741 Ash Dr,1972-04-18,Male,False
Hannah Yellow,hannah.yellow@example.com,1616161616,852 Spruce Ln,1968-08-09,Female,True
